{
  "id": "4265999",
  "name": "API接口项目",
  "font_family": "iconfont",
  "css_prefix_text": "icon-",
  "description": "",
  "glyphs": [
    {
      "icon_id": "15961580",
      "name": "钱包",
      "font_class": "qianbao",
      "unicode": "e62e",
      "unicode_decimal": 58926
    },
    {
      "icon_id": "3392058",
      "name": "公安局",
      "font_class": "gonganju",
      "unicode": "e6f5",
      "unicode_decimal": 59125
    },
    {
      "icon_id": "77156",
      "name": "微信",
      "font_class": "weixin",
      "unicode": "e600",
      "unicode_decimal": 58880
    },
    {
      "icon_id": "397919",
      "name": "游戏，游戏机",
      "font_class": "youxiyouxiji",
      "unicode": "e61e",
      "unicode_decimal": 58910
    },
    {
      "icon_id": "577335",
      "name": "订单",
      "font_class": "dingdan",
      "unicode": "e737",
      "unicode_decimal": 59191
    },
    {
      "icon_id": "784212",
      "name": "版权",
      "font_class": "banquan",
      "unicode": "e6d5",
      "unicode_decimal": 59093
    },
    {
      "icon_id": "1305481",
      "name": "微笑",
      "font_class": "weixiao",
      "unicode": "e641",
      "unicode_decimal": 58945
    },
    {
      "icon_id": "1727352",
      "name": "20积分",
      "font_class": "jifen",
      "unicode": "e897",
      "unicode_decimal": 59543
    },
    {
      "icon_id": "3868273",
      "name": "警告",
      "font_class": "jinggao",
      "unicode": "eb65",
      "unicode_decimal": 60261
    },
    {
      "icon_id": "26267572",
      "name": "gitee",
      "font_class": "gitee",
      "unicode": "e60c",
      "unicode_decimal": 58892
    }
  ]
}
